﻿Designator,Footprint,Quantity,Value,LCSC Part #
"C1, C2",0402,2,22 pF,C1549
"C10, C11, C16, C7, C8, C9",0402,6,100 nF,
C12,0402,1,10 nF,
C13,CP_Radial_D4.0mm_P2.00mm,1,4.7 uF,
"C14, C17",0805,2,10 nF,C1710
C15,0402,1,4.7 nF,
C3,0402,1,100 nF,C1525
C4,0402,1,1 uF,
C5,CP_Radial_D4.0mm_P2.00mm,1,10 uF,
C6,0402,1,10 uF,
"D1, D10, D11, D12, D13, D14, D15, D16, D17, D18, D19, D2, D20, D21, D22, D23, D24, D25, D3, D4, D5, D6, D7, D8, D9",D_SOD-323,25,D,C2128
D26,LED_D5.0mm,1,LED 1,
D27,LED_D5.0mm,1,LED 2,
F1,FUSRB510W51L790T310H1370,1,Polyfuse,
"FB1, FB2",BEADC1608X95N,2,FerriteBead,
J1,PinHeader_2x03_P2.54mm_Vertical,1,Conn_01x06,
J2,USB_C_Receptacle_HCTL_HC-TYPE-C-16P-01A,1,USB_C_Receptacle_USB2.0_16P,C2894897
"MX1, MX10, MX11, MX12, MX13, MX14, MX15, MX16, MX17, MX18, MX19, MX2, MX20, MX21, MX22, MX3, MX4, MX5, MX6, MX7, MX8, MX9",SW_Cherry_MX_Plate_1.00u,22,MX_SW_solder,
"R1, R2",0402,2,5.1K,
"R10, R11, R12, R8, R9",0402,5,100,
"R13, R14, R15, R16, R19, R5",0402,6,10 K,C17414
"R17, R18",0402,2,1k,
"R20, R6",0402,2,330,C23138
"R3, R4",0402,2,22,
R7,0402,1,1M,
SW1,SW_PUSH_6mm_H4.3mm,1,SW_Push,
SW2,SW_Push_1P1T_XKB_TS-1187A,1,SW_Push,C318884
"SW23, SW25",RotaryEncoder_Alps_EC11E-Switch_Vertical_H20mm,2,RotaryEncoder_Switch,
SW24,SW_PUSH_6mm_H9.5mm,1,SW_Push,
U1,TQFP-44_10x10mm_P0.8mm,1,ATmega32U4-A,C2052746
U2,SOT-23-6,1,USBLC6-2SC6,C7519
U3,SOIC-14_3.9x8.7mm_P1.27mm,1,74HC14,C5605
Y1,OSC_X322516MLB4SI,1,Crystal_GND24,C13738
